Workbook

Sheet Tally
C2: City Size | D2: length | E2: 30 | F2: km
D3: breadth | E3: 30 | F3: km
D4: Area | E4: 900 | F4: km2 | G4: <= either calculate or enter -- this is used
C6: Total population | E6: 3.2 | F6: million
C7: Urban Share | E7: 0.75
C8: Urban built-up area | E8: 0.3
C11: How many monitors are required
B13: Case 1 | C13: We want a monitor every sq.km | E13: 900
B14: Case 2 | C14: Monitor in every urban sq.km | E14: =E4*E8 -> 270 | G14: <== total area * urban built.area %
B15: Case 3 | C15: Monitor every representative block | E15: =E4/10 -> 90 | G15: <== thumb rule, one regulatory monitor represents 2-km radius, equivalent of 10 km2
B16: Case 4 | C16: Minimum representation of activities | E16: 5 | G16: <== residential, industrial, transport, commercial, and background
B17: Case 5 | C17: Minimum using CPCB guidelines | E17: ='CPCB guidelines'!E8 -> 28 | G17: <== see guidelines sheet
B18: Case 6 | C18: CPCB minimum with urban correction | E18: =INT(E17*(1-E8)/(1-E7)) -> 78 | G18: <== accounting for urban pop and urban built-up area ratios
B19: Case 7 | C19: Hyperlocal (high density via pop) | E19: =Hyperlocal!F15 -> 4131 | G19: <== see hyperlocal sheet
B20: Case 8 | C20: Hyperlocal (high density via urban pop) | E20: =Hyperlocal!F25 -> 2911 | G20: <== see hyperlocal sheet

Sheet CPCB guidelines
D2: City pop bins
C3: pop block | D3: pop (millions) | E3: PM
C4: <100000 | D4: =IF(Tally!$E$6*1000000<100000,Tally!$E$6*1000000,100000) -> 100000 | E4: =IF(D4>0,4,0) -> 4
C5: 100k to 1M | D5: =IF(Tally!$E$6*1000000<1000000,Tally!$E$6*1000000-D4,900000) -> 900000 | E5: =IF(D5>0,INT(4+0.6*D5/100000)+1,0) -> 10
C6: 1M to 5M | D6: =IF(Tally!$E$6*1000000<5000000,Tally!$E$6*1000000-D4-D5,4000000) -> 2200000 | E6: =IF(D6>0,INT(7.5+0.25*D6/100000)+1,0) -> 14
C7: >5M | D7: =IF(Tally!$E$6*1000000>5000000,Tally!$E$6*1000000-D4-D5-D6,0) -> 0 | E7: =IF(D7>0,INT(12+0.16*D7/100000)+1,0) -> 0
D8: Total | E8: =SUM(E4:E7) -> 28
D10: City pop bins
C11: pop block | D11: pop (millions) | E11: SO2
C12: <100000 | D12: =IF(Tally!$E$6*1000000<100000,Tally!$E$6*1000000,100000) -> 100000 | E12: =IF(D12>0,3,0) -> 3
C13: 100k to 1M | D13: =IF(Tally!$E$6*1000000<1000000,Tally!$E$6*1000000-D12,900000) -> 900000 | E13: =IF(D13>0,INT(2.5+0.5*D13/100000)+1,0) -> 8
C14: 1M to 10M | D14: =IF(Tally!$E$6*1000000<10000000,Tally!$E$6*1000000-D12-D13,9000000) -> 2200000 | E14: =IF(D14>0,INT(6+0.15*D14/100000)+1,0) -> 10
C15: >10M | D15: =IF(Tally!$E$6*1000000>10000000,Tally!$E$6*1000000-D12-D13-D14,0) -> 0 | E15: =IF(D15>0,20,0) -> 0
D16: Total | E16: =SUM(E12:E15) -> 21
D18: City pop bins
C19: pop block | D19: pop (millions) | E19: NO2
C20: <100000 | D20: =IF(Tally!$E$6*1000000<100000,Tally!$E$6*1000000,100000) -> 100000 | E20: =IF(D20>0,4,0) -> 4
C21: 100k to 1M | D21: =IF(Tally!$E$6*1000000<1000000,Tally!$E$6*1000000-D20,900000) -> 900000 | E21: =IF(D21>0,INT(4+0.6*D21/100000)+1,0) -> 10
C22: >1M | D22: =IF(Tally!$E$6*1000000>1000000,Tally!$E$6*1000000-D20-D21,0) -> 2200000 | E22: =IF(D22>0,10,0) -> 10
D23: Total | E23: =SUM(E20:E22) -> 24
D25: City pop bins
C26: pop block | D26: pop (millions) | E26: CO
C27: <100000 | D27: =IF(Tally!$E$6*1000000<100000,Tally!$E$6*1000000,100000) -> 100000 | E27: =IF(D27>0,4,0) -> 4
C28: 100k to 5M | D28: =IF(Tally!$E$6*1000000<5000000,Tally!$E$6*1000000-D27,4900000) -> 3100000 | E28: =IF(D28>0,INT(1+0.15*D28/100000)+1,0) -> 6
C29: >5M | D29: =IF(Tally!$E$6*1000000>5000000,Tally!$E$6*1000000-D27-D28,0) -> 0 | E29: =IF(D29>0,INT(6+0.05*D29/100000)+1,0) -> 0
D30: Total | E30: =SUM(E27:E29) -> 10

Sheet Hyperlocal
C2: Green cells are user inputs
C5: Hyperlocal = high density monitoring, especially in the populated high density grids
C7: From gridded population data for the city @ 1km2
C9: No of grids with density | E9: % | F9: Monitors | G9: #/km2
C10: >100 | D10: =Tally!$E$4*E10 -> 576 | E10: =100%-SUM(E11:E14) -> 0.64 | F10: =D10*G10 -> 576 | G10: 1 | H10: <== one monitor per 1km2
C11: 100-1000 | D11: =Tally!$E$4*E11 -> 180 | E11: 0.2 | F11: =D11*G11 -> 720 | G11: 4
C12: 1000-5000 | D12: =Tally!$E$4*E12 -> 90 | E12: 0.1 | F12: =D12*G12 -> 810 | G12: 9 | H12: <== monitor every 300m gap = 9 per km2
C13: 5000-10000 | D13: =Tally!$E$4*E13 -> 45 | E13: 0.05 | F13: =D13*G13 -> 1125 | G13: 25 | H13: <== monitor every 200m gap = 25 per km2
C14: >10000 | D14: =Tally!$E$4*E14 -> 9 | E14: 0.01 | F14: =D14*G14 -> 900 | G14: 100 | H14: <== monitor every 100m gap = 100 per km2
C15: Total grids | D15: =SUM(D10:D14) -> 900 | F15: =SUM(F10:F14) -> 4131
C18: From gridded population data for the city @ 1km2
C19: Using only urban grids and remaining using 10km2 representative area
C20: No of grids with density | E20: % | F20: Monitors | G20: #/km2
C21: non-urban | D21: =Tally!$E$4*E21 -> 756 | E21: =100%-SUM(E22:E24) -> 0.84 | F21: =INT(D21*G21)+1 -> 76 | G21: =1/10 -> 0.1 | H21: <== one monitor per 10km2
B22: urb.pop only | C22: 1000-5000 | D22: =Tally!$E$4*E22 -> 90 | E22: 0.1 | F22: =D22*G22 -> 810 | G22: 9 | H22: <== monitor every 300m gap = 9 per km2
B23: urb.pop only | C23: 5000-10000 | D23: =Tally!$E$4*E23 -> 45 | E23: 0.05 | F23: =D23*G23 -> 1125 | G23: 25 | H23: <== monitor every 200m gap = 25 per km2
B24: urb.pop only | C24: >10000 | D24: =Tally!$E$4*E24 -> 9 | E24: 0.01 | F24: =D24*G24 -> 900 | G24: 100 | H24: <== monitor every 100m gap = 100 per km2
C25: Total grids | D25: =SUM(D21:D24) -> 900 | F25: =SUM(F21:F24) -> 2911
